{"cameraMode":{"drawMode":0,"name":"Shaded","section":"Shading Mode"},"sceneLighting":true,"audioPlay":false,"sceneViewState":{"showFog":true,"showMaterialUpdate":false,"showSkybox":true,"showFlares":true,"showImageEffects":true,"showParticleSystems":true},"in2DMode":false,"pivot":{"x":-5.957799911499023,"y":10.713502883911133,"z":-14.324188232421875},"rotation":{"x":0.020146433264017106,"y":-0.8033686280250549,"z":0.02689550817012787,"w":0.5946059823036194},"size":11.03422737121582,"orthographic":false}