{"cameraMode":{"drawMode":0,"name":"Shaded","section":"Shading Mode"},"sceneLighting":true,"audioPlay":false,"sceneViewState":{"m_AlwaysRefresh":false,"showFog":true,"showSkybox":true,"showFlares":true,"showImageEffects":true,"showParticleSystems":true,"showVisualEffectGraphs":true,"m_FxEnabled":true},"in2DMode":false,"pivot":{"x":605.9912109375,"y":248.6548309326172,"z":-203.85861206054688},"rotation":{"x":0.02099842205643654,"y":-0.0014997103717178107,"z":0.00003150086195091717,"w":0.9997782111167908},"size":315.9670104980469,"orthographic":true}