{"cameraMode":{"drawMode":0,"name":"Shaded","section":"Shading Mode"},"sceneLighting":true,"audioPlay":false,"sceneViewState":{"m_AlwaysRefresh":false,"showFog":true,"showSkybox":true,"showFlares":true,"showImageEffects":true,"showParticleSystems":true,"showVisualEffectGraphs":true,"m_FxEnabled":true},"in2DMode":false,"pivot":{"x":624.5028076171875,"y":311.3577880859375,"z":-5.839263916015625},"rotation":{"x":0.06432127207517624,"y":0.06432126462459564,"z":-0.004154484253376722,"w":0.9958455562591553},"size":269.2973327636719,"orthographic":false}